<?xml version="1.0" encoding="utf-8"?>
<template_modifications>
  <modification type="public" template="PAGE_CONTAINER" modification_key="CopyrightOverwrite_PAGE_CONTAINER" description="覆盖 ThemeHouse 回调展示内容" execution_order="10" enabled="1" action="str_replace">
    <find><![CDATA[<xf:callback class="ThemeHouse\Core\Branding" method="renderStyleBranding" /><xf:set var="$thBrandingDisplayed" value="1" />]]></find>
    <replace><![CDATA[]]></replace>
  </modification>
</template_modifications>
