{
    "src/addons/CircleCloud/RealIP/addon.json": "4ac03706c09d05f07e7b40f2c66d8fa43a383d6e31bff984367ec93c63d8458f",
    "src/addons/CircleCloud/RealIP/Listener.php": "cda7b7e596ca02a1cea3c031334c4a5989aed5a5e21a46f2a1d7bffac9da0a21",
    "src/addons/CircleCloud/RealIP/Pub/Controller/IPS.php": "1eba067348adeb8653423099d9b1ced512b6ed488a7f3059b20918cac486b015",
    "src/addons/CircleCloud/RealIP/Setup.php": "e1f599ae8dcef73b5cfa1cbe8f264c9dd614907a2a4ea01914da8f5f4377b55a",
    "src/addons/CircleCloud/RealIP/_data/activity_summary_definitions.xml": "99d8c2563a31320d66f958fc8bda78613545f5f7959bb3cf5318805e3a3c39d2",
    "src/addons/CircleCloud/RealIP/_data/admin_navigation.xml": "064ec797484ac00d5ee37367b50b06846d11f480d00550997712707f8fdac8c0",
    "src/addons/CircleCloud/RealIP/_data/admin_permission.xml": "ec6fb97cebf0bceb24f1ed1d5778c1db54eeb7535fbb3e31d824840e7aa9ff87",
    "src/addons/CircleCloud/RealIP/_data/advertising_positions.xml": "d2f7cbe844bb1df3cf878d22ff6306249245c8ff6b0b87b9b729744bec538261",
    "src/addons/CircleCloud/RealIP/_data/api_scopes.xml": "6793eaf758f140e8137187ba20e65f4faccf53410433ae3ad7a8b3b38cb6b3b7",
    "src/addons/CircleCloud/RealIP/_data/bb_codes.xml": "faa4ddd5f4a365e5ac39aebdcbe2d25aedf74e7eb9ea4a812766e2fd5e13bdb1",
    "src/addons/CircleCloud/RealIP/_data/bb_code_media_sites.xml": "29762987990187b33e43cfb68c08dc917b2d3f0176613d78f8e6c453f82da3f3",
    "src/addons/CircleCloud/RealIP/_data/class_extensions.xml": "1f548b8006e9952a3f5889f71e09fdfa6726ac1a47c1af7b2626d1a88920d5a4",
    "src/addons/CircleCloud/RealIP/_data/code_events.xml": "8370dec3df47f91df4cf79da253446ad11b29f4ea568fe76c774e97a0379f0eb",
    "src/addons/CircleCloud/RealIP/_data/code_event_listeners.xml": "09b5ae01254e07c96f591053b9f0f5fe8d8d3e9862c6bebc5f3e3109d0b030d5",
    "src/addons/CircleCloud/RealIP/_data/content_type_fields.xml": "c7ad5472b28f465b7ac7617627707eba1b7a39d28089460d52e1ed292fc0b06a",
    "src/addons/CircleCloud/RealIP/_data/cron.xml": "323c4284742ef24329cd6db6f288eb9736d2353f36852e1db12591e1583aea26",
    "src/addons/CircleCloud/RealIP/_data/help_pages.xml": "a8a0c0b06cdc550438bc8a8d385af3e1e5ab3459877dfb934c1c31be59c89163",
    "src/addons/CircleCloud/RealIP/_data/member_stats.xml": "89fb2b93ff1eca7a1f6f752248edf6090dfd24037db1446fd18ff7143f08124d",
    "src/addons/CircleCloud/RealIP/_data/mjc_event_definitions.xml": "b83182307cd408c22a7cb78315af16f996bd63af5d82b59a40f48be875e74da4",
    "src/addons/CircleCloud/RealIP/_data/navigation.xml": "f75e1c03a45a360bbdfcd0567121665082315068475d5b0feb8b1acbb1688651",
    "src/addons/CircleCloud/RealIP/_data/options.xml": "c4d7c5a13f80434303eddc958ca54d59f97bd2907faa30dd25a94b9491925577",
    "src/addons/CircleCloud/RealIP/_data/option_groups.xml": "e4d548010dcfe6282f679f1e74997c088036899f53385a175da26628ada5a103",
    "src/addons/CircleCloud/RealIP/_data/permissions.xml": "7e4fc7d5826733d15ea2d8936b9bdd41afcaad810eb38e50da3c8d8eafda1550",
    "src/addons/CircleCloud/RealIP/_data/permission_interface_groups.xml": "3177224e96458b829aa7fb24866dda9e0455a4922aee3d669b53f59a1ffdf5d1",
    "src/addons/CircleCloud/RealIP/_data/phrases.xml": "2bfe1e14c1c77c124b7b465e41f360ce97b96532eaf469c3eb8cea0ac06e29b4",
    "src/addons/CircleCloud/RealIP/_data/routes.xml": "9f08ad9e324141686b71e5528848060cfcad170aed69742d4120ec8081a1988a",
    "src/addons/CircleCloud/RealIP/_data/style_properties.xml": "8b8690a8512f01f219dd2da76e3d0c5f62afc1f317b87794a7331c859c36a7a8",
    "src/addons/CircleCloud/RealIP/_data/style_property_groups.xml": "68e1879cb3846c42d978487aa8d5145ff3335fc39e58016878824d5cf3fd684c",
    "src/addons/CircleCloud/RealIP/_data/templates.xml": "10e100b6ac76006dc1b472c0201edffa43f44a20d7e1f8e52c86629a225c8efc",
    "src/addons/CircleCloud/RealIP/_data/template_modifications.xml": "69bdc500ec437db742b203d4e4df3a1a3d81a33225be80bc1a3c743519cb9a1a",
    "src/addons/CircleCloud/RealIP/_data/widget_definitions.xml": "37e46965256430f24004c2e7f08ba08f9b0d1cbcc4d70e84b3f4e3ffb713e64b",
    "src/addons/CircleCloud/RealIP/_data/widget_positions.xml": "a29cee66134f6bc5d75ed9df1eef21096c24401915c5b5c774389c3d7bb2d5b3"
}