{
    "src/addons/CircleCloud/CopyrightOverwrite/addon.json": "a1c371c03912511c88ea240c8cc35270e71d75016e80b87ff3fb7e4692bba7bd",
    "src/addons/CircleCloud/CopyrightOverwrite/Setup.php": "24e039d7f0313bd400ea54c09f1139c36a55b78b3a20c3e17f167650130006b8",
    "src/addons/CircleCloud/CopyrightOverwrite/XF/Template/Templater.php": "f770ae8770cca87f1b6898f29d5f7c4d066927b4a089d5a50603a7c7c344a5c4",
    "src/addons/CircleCloud/CopyrightOverwrite/_data/activity_summary_definitions.xml": "99d8c2563a31320d66f958fc8bda78613545f5f7959bb3cf5318805e3a3c39d2",
    "src/addons/CircleCloud/CopyrightOverwrite/_data/admin_navigation.xml": "064ec797484ac00d5ee37367b50b06846d11f480d00550997712707f8fdac8c0",
    "src/addons/CircleCloud/CopyrightOverwrite/_data/admin_permission.xml": "ec6fb97cebf0bceb24f1ed1d5778c1db54eeb7535fbb3e31d824840e7aa9ff87",
    "src/addons/CircleCloud/CopyrightOverwrite/_data/advertising_positions.xml": "d2f7cbe844bb1df3cf878d22ff6306249245c8ff6b0b87b9b729744bec538261",
    "src/addons/CircleCloud/CopyrightOverwrite/_data/api_scopes.xml": "6793eaf758f140e8137187ba20e65f4faccf53410433ae3ad7a8b3b38cb6b3b7",
    "src/addons/CircleCloud/CopyrightOverwrite/_data/bb_codes.xml": "faa4ddd5f4a365e5ac39aebdcbe2d25aedf74e7eb9ea4a812766e2fd5e13bdb1",
    "src/addons/CircleCloud/CopyrightOverwrite/_data/bb_code_media_sites.xml": "29762987990187b33e43cfb68c08dc917b2d3f0176613d78f8e6c453f82da3f3",
    "src/addons/CircleCloud/CopyrightOverwrite/_data/class_extensions.xml": "5a21542eac447f9bd8873417368349da65acfb949a57a569948461cc533a32f8",
    "src/addons/CircleCloud/CopyrightOverwrite/_data/code_events.xml": "8370dec3df47f91df4cf79da253446ad11b29f4ea568fe76c774e97a0379f0eb",
    "src/addons/CircleCloud/CopyrightOverwrite/_data/code_event_listeners.xml": "d6b5072f4909dee7a20ee9e44b163f95c8aa52e6ac7f573e292000cd9238c331",
    "src/addons/CircleCloud/CopyrightOverwrite/_data/content_type_fields.xml": "c7ad5472b28f465b7ac7617627707eba1b7a39d28089460d52e1ed292fc0b06a",
    "src/addons/CircleCloud/CopyrightOverwrite/_data/cron.xml": "323c4284742ef24329cd6db6f288eb9736d2353f36852e1db12591e1583aea26",
    "src/addons/CircleCloud/CopyrightOverwrite/_data/help_pages.xml": "a8a0c0b06cdc550438bc8a8d385af3e1e5ab3459877dfb934c1c31be59c89163",
    "src/addons/CircleCloud/CopyrightOverwrite/_data/member_stats.xml": "89fb2b93ff1eca7a1f6f752248edf6090dfd24037db1446fd18ff7143f08124d",
    "src/addons/CircleCloud/CopyrightOverwrite/_data/mjc_event_definitions.xml": "b83182307cd408c22a7cb78315af16f996bd63af5d82b59a40f48be875e74da4",
    "src/addons/CircleCloud/CopyrightOverwrite/_data/navigation.xml": "f75e1c03a45a360bbdfcd0567121665082315068475d5b0feb8b1acbb1688651",
    "src/addons/CircleCloud/CopyrightOverwrite/_data/options.xml": "1cea29aa5671733d85c8fc6f7c66128eacbca5643cbb38585eb82002879b51a4",
    "src/addons/CircleCloud/CopyrightOverwrite/_data/option_groups.xml": "154d7a89664b243d0bd8227c22e241f934bf7e196c83230ee23d3c0c4fba1333",
    "src/addons/CircleCloud/CopyrightOverwrite/_data/permissions.xml": "7e4fc7d5826733d15ea2d8936b9bdd41afcaad810eb38e50da3c8d8eafda1550",
    "src/addons/CircleCloud/CopyrightOverwrite/_data/permission_interface_groups.xml": "3177224e96458b829aa7fb24866dda9e0455a4922aee3d669b53f59a1ffdf5d1",
    "src/addons/CircleCloud/CopyrightOverwrite/_data/phrases.xml": "790d4d107df4c589f920d0e0d7d3997161e579d7a2c463bbaf9ca66be5ea420e",
    "src/addons/CircleCloud/CopyrightOverwrite/_data/routes.xml": "550fa64f9feedf137dd877b38c2684f94474619d2d83890dbb717a91b50da8f5",
    "src/addons/CircleCloud/CopyrightOverwrite/_data/style_properties.xml": "8b8690a8512f01f219dd2da76e3d0c5f62afc1f317b87794a7331c859c36a7a8",
    "src/addons/CircleCloud/CopyrightOverwrite/_data/style_property_groups.xml": "68e1879cb3846c42d978487aa8d5145ff3335fc39e58016878824d5cf3fd684c",
    "src/addons/CircleCloud/CopyrightOverwrite/_data/templates.xml": "95d4b078b90e74e773cef6695ef94c742e74b8d62e6798738f11f0215a58faee",
    "src/addons/CircleCloud/CopyrightOverwrite/_data/template_modifications.xml": "1ddebd785ee6de6fd9bcb3e1a228d408f4f762cc5976b6392586985c69840d16",
    "src/addons/CircleCloud/CopyrightOverwrite/_data/widget_definitions.xml": "37e46965256430f24004c2e7f08ba08f9b0d1cbcc4d70e84b3f4e3ffb713e64b",
    "src/addons/CircleCloud/CopyrightOverwrite/_data/widget_positions.xml": "a29cee66134f6bc5d75ed9df1eef21096c24401915c5b5c774389c3d7bb2d5b3"
}