<?xml version="1.0" encoding="utf-8"?>
<phrases>
  <phrase title="option.customRealIpHeader" version_id="110" version_string="0.0.1 Alpha"><![CDATA[自定义真实IP头]]></phrase>
  <phrase title="option.trustedProxyIp" version_id="110" version_string="0.0.1 Alpha"><![CDATA[可信任代理源]]></phrase>
  <phrase title="option_explain.customRealIpHeader" version_id="110" version_string="0.0.1 Alpha"><![CDATA[例如 X_REAL_IP 等 需要全大写 下划线分割]]></phrase>
  <phrase title="option_explain.trustedProxyIp" version_id="150" version_string="0.0.1 Release Candidate"><![CDATA[可信任的代理源IP 如果 REMOTE_ADDR 不等于此IP 则放弃转换真实IP<br />
填写 0.0.0.0 则代表信任所有代理源 为空则仅信任内网代理源]]></phrase>
  <phrase title="option_group.circlecloud_realip" version_id="110" version_string="0.0.1 Alpha"><![CDATA[[CircleCloud] 真实IP]]></phrase>
  <phrase title="option_group_description.circlecloud_realip" version_id="110" version_string="0.0.1 Alpha"><![CDATA[获取用户真实IP]]></phrase>
  <phrase title="recent_used_ips" version_id="110" version_string="0.0.1 Alpha"><![CDATA[近期登录地址]]></phrase>
  <phrase title="recent_used_ips_description" version_id="110" version_string="0.0.1 Alpha"><![CDATA[下面是您的账号近期使用过的IP地址]]></phrase>
</phrases>
