<?xml version="1.0" encoding="utf-8"?>
<templates>
  <template type="public" title="recent_used_ips" version_id="110" version_string="0.0.1 Alpha"><![CDATA[<xf:title>{{ phrase('recent_used_ips') }}</xf:title>

<xf:wrap template="account_wrapper" />

<div class="block">
	<div class="block-container">
		<div class="block-body">
			<xf:inforow>{{ phrase('recent_used_ips_description') }}</xf:inforow>
			<xf:datalist data-xf-init="responsive-data-list">
				<xf:datarow rowtype="header">
					<xf:cell>{{ phrase('ip') }}</xf:cell>
					<xf:cell>{{ phrase('total') }}</xf:cell>
					<xf:cell>{{ phrase('earliest') }}</xf:cell>
					<xf:cell>{{ phrase('latest') }}</xf:cell>
				</xf:datarow>
				<xf:foreach loop="$ips" value="$ip">
					<xf:datarow rowclass="dataList-row--noHover">
						<xf:cell>{$ip.ip}</xf:cell>
						<xf:cell>{$ip.total|number}</xf:cell>
						<xf:cell>
							<xf:date time="{$ip.first_date}" />
						</xf:cell>
						<xf:cell>
							<xf:date time="{$ip.last_date}" />
						</xf:cell>
					</xf:datarow>
				</xf:foreach>
			</xf:datalist>
		</div>
	</div>
</div>]]></template>
</templates>
