<?xml version="1.0" encoding="utf-8"?>
<template_modifications>
  <modification type="public" template="account_wrapper" modification_key="recent_used_ips_account_wrapper" description="新增最近使用的IP列表" execution_order="10" enabled="1" action="str_replace">
    <find><![CDATA[{{ phrase('privacy') }}
				</a>]]></find>
    <replace><![CDATA[$0
				<a class="blockLink {{ $pageSelected == 'recent_used_ips' ? 'is-selected' : '' }}" href="{{ link('account/ips') }}">
					{{ phrase('recent_used_ips') }}
				</a>]]></replace>
  </modification>
</template_modifications>
